time,latitude,longitude,depth,magnitude,place
2024-07-23 13:47:35.241,55.1079,-157.6747,0.0,4.9,"128 km SE of Perryville, Alaska"
2024-07-23 13:15:23.036,-21.1793,-179.0096,603.648,4.7,Fiji region
2024-07-23 10:34:48.038,-6.2324,150.7937,10.0,4.7,"104 km SE of Kimbe, Papua New Guinea"
2024-07-23 09:16:25.411,32.769,-100.67,3.2959,4.4,"17 km NNE of Hermleigh, Texas"
2024-07-23 09:08:42.362,32.753,-100.638,7.6904,4.9,"17 km NE of Hermleigh, Texas"
2024-07-23 08:01:04.397,31.676,-104.407,5.5872,4.2,"55 km S of Whites City, New Mexico"
2024-07-23 06:32:44.722,-6.9022,126.9894,392.134,4.3,"179 km N of Lospalos, Timor Leste"
2024-07-23 04:57:11.041,38.1964,141.9848,60.74,4.6,"54 km ESE of Onagawa Chō, Japan"
2024-07-23 02:21:26.124,8.102,-82.8246,10.0,4.9,"4 km E of Limones, Panama"
2024-07-23 01:47:55.090,8.2425,-82.7302,10.0,5.6,"13 km SE of Manaca Civil, Panama"
2024-07-23 00:49:34.604,8.2328,-82.8412,2.955,5.7,"5 km SSE of Puerto Armuelles, Panama"
2024-07-22 23:06:44.187,-38.1581,-74.0582,22.504,4.6,"70 km SW of Cañete, Chile"
2024-07-22 22:57:25.662,35.0201,141.6073,10.0,4.5,"105 km SE of Hasaki, Japan"
2024-07-22 20:51:12.183,-15.3322,168.2726,10.0,4.6,"120 km E of Luganville, Vanuatu"
2024-07-22 20:17:16.669,-5.3562,131.1858,61.226,5.1,"176 km W of Tual, Indonesia"
2024-07-22 20:09:22.246,39.6782,26.3581,9.772,4.5,"9 km NNW of Ayvacık, Turkey"
2024-07-22 20:08:19.287,-15.5704,168.2145,11.027,5.1,"103 km ENE of Norsup, Vanuatu"
2024-07-22 15:44:48.262,-22.5381,171.2395,77.883,4.9,southeast of the Loyalty Islands
2024-07-22 15:42:15.107,-18.337,-177.9074,641.082,4.5,"295 km E of Levuka, Fiji"
2024-07-22 13:38:09.971,41.5032,45.9528,31.311,4.4,"13 km S of Ts’nori, Georgia"
2024-07-22 12:33:58.333,36.5182,70.3634,205.979,4.6,"45 km E of Farkhār, Afghanistan"
2024-07-22 12:23:57.933,-56.0139,-27.3213,57.703,5.2,South Sandwich Islands region
2024-07-22 11:53:19.793,-18.4267,-69.7378,132.877,4.1,"59 km E of Arica, Chile"
2024-07-22 11:38:20.683,-15.5167,168.0051,10.0,5.0,"89 km NE of Norsup, Vanuatu"
2024-07-22 10:34:30.168,-15.5442,168.0426,10.0,6.0,"90 km NE of Norsup, Vanuatu"
2024-07-22 10:34:12.418,-15.507,168.1122,10.0,5.2,"98 km NE of Norsup, Vanuatu"
2024-07-22 10:00:44.761,13.5532,-91.2703,38.254,4.1,"63 km SSW of La Gomera, Guatemala"
2024-07-22 09:46:07.695,-5.9919,146.5688,49.444,4.9,"84 km ENE of Kainantu, Papua New Guinea"
2024-07-22 09:24:00.943,-15.3826,168.1088,10.0,4.8,"102 km E of Luganville, Vanuatu"
2024-07-22 08:35:48.609,34.4162,46.4302,10.0,4.3,"42 km S of Javānrūd, Iran"
2024-07-22 08:20:10.394,-15.3984,168.1637,10.0,4.7,"108 km E of Luganville, Vanuatu"
2024-07-22 06:37:33.264,36.7887,140.9025,87.71,4.7,"13 km E of Kitaibaraki, Japan"
2024-07-22 05:49:29.001,-24.3816,-66.922,158.245,4.6,"63 km WSW of San Antonio de los Cobres, Argentina"
2024-07-22 05:39:35.372,-19.1747,169.5647,258.194,5.5,"50 km NE of Isangel, Vanuatu"
2024-07-22 05:26:24.445,-4.9082,-78.6118,58.899,4.4,"50 km ENE of San Ignacio, Peru"
2024-07-22 01:49:26.759,22.719,94.4023,27.249,4.4,"77 km ESE of Falam, Myanmar"
2024-07-22 00:06:52.713,-39.766,121.1428,10.0,5.1,off the south coast of Australia
2024-07-21 18:07:45.613,-23.9807,-179.7135,504.772,4.4,south of the Fiji Islands
2024-07-21 15:59:35.659,-56.5941,-141.7653,10.0,5.0,Pacific-Antarctic Ridge
2024-07-21 14:56:32.013,46.4875,149.8269,58.474,4.5,"206 km NE of Kuril’sk, Russia"
2024-07-21 12:29:39.125,31.9556,49.6498,10.0,4.2,"32 km E of Masjed Soleymān, Iran"
2024-07-21 12:17:29.123,-12.5395,166.7684,202.988,4.4,"170 km NNW of Sola, Vanuatu"
2024-07-21 11:50:07.743,5.9915,92.6483,10.0,4.6,"295 km W of Sabang, Indonesia"
2024-07-21 10:53:10.484,8.8495,126.1236,73.74,4.5,"17 km NNW of Salvacion, Philippines"
2024-07-21 09:57:28.462,42.713,145.5393,23.857,5.3,"66 km ESE of Akkeshi, Japan"
2024-07-21 09:31:29.796,34.8655,23.2766,30.953,5.3,"54 km SW of Palaióchora, Greece"
2024-07-21 08:25:10.091,37.6884,35.5455,10.0,4.3,"20 km NE of Aladağ, Turkey"
2024-07-21 08:23:48.692,14.6238,-89.9044,265.536,6.2,"7 km SW of San Pedro Pinula, Guatemala"
2024-07-21 08:23:44.366,-17.9671,-69.8456,110.55,4.1,"24 km SSE of Palca, Peru"
2024-07-21 06:42:09.779,33.0649,60.4089,14.028,4.4,"113 km E of Bīrjand, Iran"
2024-07-21 02:16:41.908,38.6215,141.958,47.293,4.6,"48 km ENE of Onagawa Chō, Japan"
2024-07-20 23:40:10.604,43.4436,84.7852,42.353,4.9,"98 km S of Dushanzi, China"
2024-07-20 23:11:57.361,-12.2338,166.6405,129.818,5.0,"190 km SSE of Lata, Solomon Islands"
2024-07-20 21:08:06.809,34.9116,23.3821,8.102,4.5,"44 km SW of Palaióchora, Greece"
2024-07-20 19:51:58.102,-16.7249,-177.0946,10.0,4.8,"288 km SSE of Alo, Wallis and Futuna"
2024-07-20 19:48:56.831,40.9149,84.2541,10.0,4.5,"142 km SE of Kuqa, China"
2024-07-20 18:22:44.141,22.5934,141.9952,255.257,4.7,"Volcano Islands, Japan region"
2024-07-20 17:35:04.883,0.0963,96.4898,10.0,5.4,"155 km WSW of Teluk Dalam, Indonesia"
2024-07-20 17:34:59.464,33.4343,76.6552,38.456,4.0,"21 km W of Padam, India"
2024-07-20 16:45:50.520,36.7002,141.5659,24.817,4.9,"72 km ESE of Iwaki, Japan"
2024-07-20 15:42:14.590,27.7863,140.7064,21.81,4.7,"Bonin Islands, Japan region"
2024-07-20 15:25:00.143,0.9841,124.0451,257.678,4.4,"73 km NW of Modisi, Indonesia"
2024-07-20 13:23:13.248,-24.0587,-66.792,199.961,4.6,"51 km WNW of San Antonio de los Cobres, Argentina"
2024-07-20 12:32:35.467,-23.2488,-67.835,134.533,4.6,"52 km SE of San Pedro de Atacama, Chile"
2024-07-20 11:30:50.947,-25.0749,179.8925,471.856,4.4,south of the Fiji Islands
2024-07-20 10:47:54.259,46.959,145.7598,387.554,4.0,"228 km ESE of Dolinsk, Russia"
2024-07-20 07:37:35.135,40.3275,77.0813,46.339,4.3,"133 km NE of Kashgar, China"
2024-07-20 07:26:57.982,40.8468,84.3503,10.0,4.1,"153 km SE of Kuqa, China"
2024-07-20 06:31:43.921,-55.8848,-27.0125,47.978,5.2,South Sandwich Islands region
2024-07-20 06:04:11.648,-21.7822,170.284,69.616,4.9,"250 km E of Tadine, New Caledonia"
2024-07-20 00:23:52.906,-22.653,-70.6313,18.072,4.2,"52 km NNW of Mejillones, Chile"
2024-07-19 21:35:28.572,-20.1187,-68.0326,183.725,4.6,"112 km SE of Colchane, Chile"
2024-07-19 20:06:14.343,1.5307,127.7497,8.61,5.1,"36 km SW of Tobelo, Indonesia"
2024-07-19 20:01:30.025,1.5215,127.7791,10.0,5.0,"34 km SW of Tobelo, Indonesia"
2024-07-19 19:06:04.786,0.7544,126.0762,31.468,5.0,"129 km SE of Bitung, Indonesia"
2024-07-19 18:07:11.106,44.6157,148.3223,70.923,4.4,"76 km SSE of Kuril’sk, Russia"
2024-07-19 17:14:38.397,-23.2973,-67.7819,135.823,4.3,"60 km SE of San Pedro de Atacama, Chile"
2024-07-19 15:40:18.624,18.5365,145.6294,203.686,4.5,"Pagan region, Northern Mariana Islands"
2024-07-19 15:25:40.456,-32.0966,-71.8713,32.447,4.4,"72 km WNW of La Ligua, Chile"
2024-07-19 13:50:39.706,-20.4704,-69.1672,103.009,4.2,"53 km ESE of La Tirana, Chile"
2024-07-19 12:19:59.256,-3.3983,139.1793,58.467,4.4,"184 km WSW of Abepura, Indonesia"
2024-07-19 11:49:32.228,6.8516,123.6817,17.256,4.9,"37 km W of Gadung, Philippines"
2024-07-19 11:17:42.268,-23.3092,-67.821,147.318,4.4,"58 km SE of San Pedro de Atacama, Chile"
2024-07-19 10:21:33.338,-3.97,143.1568,35.0,4.5,"46 km NE of Ambunti, Papua New Guinea"
2024-07-19 08:43:47.434,52.0951,-170.9306,41.478,6.0,"168 km SW of Nikolski, Alaska"
2024-07-19 08:41:24.734,-23.3841,-67.8196,145.351,4.7,"65 km SE of San Pedro de Atacama, Chile"
2024-07-19 07:47:39.340,-23.265,-67.8693,159.102,4.6,"51 km SE of San Pedro de Atacama, Chile"
2024-07-19 07:45:51.863,-23.1734,-67.9407,138.235,5.0,"39 km SE of San Pedro de Atacama, Chile"
2024-07-19 07:20:47.675,-23.0467,-67.7818,117.434,7.4,"45 km ESE of San Pedro de Atacama, Chile"
2024-07-19 04:51:16.919,28.6714,138.8423,497.489,4.0,"Bonin Islands, Japan region"
2024-07-19 04:24:38.310,45.8213,143.1744,322.281,4.6,"95 km SSE of Korsakov, Russia"
2024-07-18 23:44:42.750,36.525,70.3873,222.562,4.9,"47 km E of Farkhār, Afghanistan"
2024-07-18 20:47:35.193,35.9951,140.0946,77.994,4.4,"4 km NW of Ushiku, Japan"
2024-07-18 20:31:22.727,-5.231,101.0215,10.0,5.3,"209 km SW of Bengkulu, Indonesia"
2024-07-18 18:49:21.133,29.2653,130.3943,36.184,4.7,"107 km S of Yudomari, Japan"
2024-07-18 17:56:15.688,52.8906,-158.0404,14.857,4.2,south of Alaska
2024-07-18 16:37:36.268,33.536,140.1754,105.552,5.6,"163 km S of Tateyama, Japan"
2024-07-18 14:22:44.557,5.0939,-82.6109,10.0,4.4,south of Panama
2024-07-18 11:09:55.669,8.7164,126.7071,51.616,5.2,"46 km ESE of Marihatag, Philippines"
2024-07-18 06:39:17.337,6.9092,-73.0511,141.472,4.4,"8 km S of Piedecuesta, Colombia"
2024-07-18 06:18:48.423,44.6374,148.0945,83.767,4.2,"67 km SSE of Kuril’sk, Russia"
2024-07-18 01:19:57.797,-5.7604,110.2992,551.134,4.4,"92 km NNW of Batang, Indonesia"
2024-07-18 00:47:39.519,4.2787,124.6268,11.799,4.7,"155 km SW of Sarangani, Philippines"
2024-07-17 22:51:10.051,-22.478,-68.3153,143.618,4.5,"49 km NNW of San Pedro de Atacama, Chile"
2024-07-17 14:23:38.696,24.3104,121.6937,22.551,4.6,"38 km NNE of Hualien City, Taiwan"
2024-07-17 11:47:02.839,60.7499,169.6357,10.0,4.3,"199 km E of Tilichiki, Russia"
2024-07-17 07:39:28.445,41.5593,46.0949,29.649,4.1,"12 km ESE of Ts’nori, Georgia"
2024-07-17 05:09:28.641,1.246,126.0894,10.0,5.4,"109 km ESE of Bitung, Indonesia"
2024-07-17 01:21:13.846,51.7589,178.4642,103.412,4.9,"Rat Islands, Aleutian Islands, Alaska"
2024-07-16 23:02:55.383,-1.7815,36.2153,10.0,4.6,"15 km NNW of Magadi, Kenya"
2024-07-16 21:10:45.022,32.5277,48.973,10.0,4.6,"51 km ENE of Shahrak-e Kūlūrī, Iran"
2024-07-16 20:08:48.741,-23.6683,-66.9062,196.051,4.3,"85 km NW of San Antonio de los Cobres, Argentina"
2024-07-16 19:59:14.867,16.3816,-97.5176,12.004,4.8,"8 km NNE of Tataltepec de Valdés, Mexico"
2024-07-16 18:49:20.744,35.9718,140.0895,71.614,4.4,"3 km W of Ushiku, Japan"
2024-07-16 18:05:52.751,-20.8082,-70.3096,35.105,4.0,"61 km SSW of La Tirana, Chile"
2024-07-16 17:59:44.985,-19.1004,169.536,273.845,5.0,"55 km NNE of Isangel, Vanuatu"
2024-07-16 17:23:04.924,-17.8757,-178.3336,594.556,4.4,"249 km E of Levuka, Fiji"
2024-07-16 14:32:54.044,35.1914,141.2101,24.96,4.7,"69 km SSE of Hasaki, Japan"
2024-07-16 13:55:50.797,-52.8123,25.8396,10.0,4.8,south of Africa
2024-07-16 13:08:11.729,-0.0673,122.2384,242.556,4.6,"113 km SW of Gorontalo, Indonesia"
2024-07-16 12:06:43.051,29.302,142.5621,10.0,5.2,"Izu Islands, Japan region"
2024-07-16 10:57:23.978,-18.053,-178.2125,502.366,4.4,"261 km E of Levuka, Fiji"
2024-07-16 10:35:40.036,-18.1563,-177.7645,589.812,4.6,Fiji region
2024-07-16 08:38:35.362,44.0597,147.7363,55.134,4.2,"86 km ENE of Shikotan, Russia"
2024-07-16 08:23:09.295,-4.2064,102.0443,70.393,4.9,"51 km SSW of Bengkulu, Indonesia"
2024-07-16 08:12:05.824,31.5363,49.7122,10.0,4.1,"30 km NNE of Rāmhormoz, Iran"
2024-07-16 06:49:07.363,30.0972,57.733,10.0,4.6,"66 km ESE of Kerman, Iran"
2024-07-16 04:49:27.977,17.5071,122.4234,10.661,4.7,"47 km N of Dicabisagan, Philippines"
2024-07-16 00:38:41.341,-21.2615,-68.3146,124.342,4.9,"7 km WSW of Ollagüe, Chile"
2024-07-15 23:51:59.445,-16.4487,-172.3973,10.0,5.3,"159 km ESE of Hihifo, Tonga"
2024-07-15 23:10:18.477,-16.2694,-172.4985,10.0,5.8,"143 km ESE of Hihifo, Tonga"
2024-07-15 22:44:18.425,-21.097,-68.7592,120.825,4.7,"54 km WNW of Ollagüe, Chile"
2024-07-15 18:59:21.057,-18.7056,-177.7227,607.735,4.8,Fiji region
2024-07-15 18:34:52.136,65.8751,-135.0857,12.981,4.1,"283 km SSW of Inuvik, Canada"
2024-07-15 16:37:09.244,-18.8354,-67.9162,205.378,4.5,"90 km ENE of Colchane, Chile"
2024-07-15 14:30:12.518,46.2208,149.2909,179.649,4.2,"155 km NE of Kuril’sk, Russia"
2024-07-15 13:45:49.644,-4.0292,142.9846,43.447,5.2,"27 km NE of Ambunti, Papua New Guinea"
2024-07-15 12:26:44.728,1.2131,-85.2883,10.0,4.3,off the coast of Ecuador
2024-07-15 11:29:36.355,8.2356,-82.8627,10.0,4.2,"4 km S of Puerto Armuelles, Panama"
2024-07-15 11:19:01.898,8.2536,-82.8127,10.0,4.4,"6 km ESE of Puerto Armuelles, Panama"
2024-07-15 10:29:32.436,-14.7816,-173.3796,10.0,5.0,"137 km NNE of Hihifo, Tonga"
2024-07-15 09:55:41.842,-18.8724,169.3691,252.88,4.9,"74 km N of Isangel, Vanuatu"
2024-07-15 08:31:47.479,-17.989,-178.4642,569.632,4.3,"235 km E of Levuka, Fiji"
2024-07-15 03:03:18.558,30.4464,69.2959,10.0,5.0,"61 km N of Kohlu, Pakistan"
2024-07-15 01:45:19.561,-21.3161,-68.4306,128.247,4.9,"20 km WSW of Ollagüe, Chile"
2024-07-15 00:29:50.892,-48.6876,106.781,10.0,5.0,southeast Indian Ridge
2024-07-15 00:17:22.961,-17.2106,-174.1996,117.597,4.7,"145 km SSW of Hihifo, Tonga"
2024-07-15 00:14:01.777,-9.1068,123.5031,108.268,4.4,"61 km NNW of Naisano Dua, Indonesia"
2024-07-14 23:33:38.628,33.4307,140.7547,61.124,4.5,"190 km SSE of Tateyama, Japan"
2024-07-14 20:15:19.454,-22.4954,-177.9441,317.119,4.5,south of the Fiji Islands
2024-07-14 19:51:22.652,51.4953,-176.2385,51.782,4.5,"50 km SSE of Adak, Alaska"
2024-07-14 18:14:11.465,-21.5909,-179.314,586.853,5.3,Fiji region
2024-07-14 18:13:36.452,22.294,143.6114,164.518,4.5,"Volcano Islands, Japan region"
2024-07-14 17:33:33.521,5.6424,126.8641,104.732,4.5,"109 km SE of Pondaguitan, Philippines"
2024-07-14 16:49:25.410,24.9851,-45.6035,10.0,4.3,northern Mid-Atlantic Ridge
2024-07-14 16:43:45.155,29.851,138.5513,455.713,4.0,"Izu Islands, Japan region"
2024-07-14 16:07:14.244,11.5577,-87.3845,36.588,4.5,"98 km WSW of Masachapa, Nicaragua"
2024-07-14 15:31:01.149,8.4364,126.1547,11.462,4.6,"2 km SW of Tagbina, Philippines"
2024-07-14 15:19:49.731,30.7871,139.6067,9.159,4.7,"Izu Islands, Japan region"
2024-07-14 13:49:30.338,19.8337,121.2343,15.25,4.4,"102 km SW of Basco, Philippines"
2024-07-14 12:57:46.536,3.9344,128.1358,10.469,4.8,"244 km N of Tobelo, Indonesia"
2024-07-14 11:23:05.678,8.2917,-82.8085,10.0,4.3,"3 km SSE of Manaca Civil, Panama"
2024-07-14 10:32:45.103,-37.4814,-74.3689,10.0,4.1,"64 km WNW of Lebu, Chile"
2024-07-14 10:11:27.506,55.659,160.8462,156.509,4.3,"73 km S of Klyuchi, Russia"
2024-07-14 08:37:02.388,16.1981,-94.8053,90.334,4.0,"14 km SSW of San Dionisio del Mar, Mexico"
2024-07-14 07:55:16.558,48.9217,-128.909,10.0,4.3,"220 km W of Tofino, Canada"
2024-07-14 06:43:23.164,-17.3604,-69.6527,179.956,4.5,"42 km E of Chuquitira, Peru"
2024-07-14 04:19:33.954,30.0714,86.9602,10.0,4.5,"187 km ENE of Saga, China"
2024-07-14 03:18:44.678,-12.2158,-72.8087,10.0,5.0,"23 km ESE of Pangoa, Peru"
2024-07-14 03:04:00.803,8.1898,-82.7239,10.0,5.4,"18 km ESE of Puerto Armuelles, Panama"
2024-07-14 00:19:23.212,-5.1225,101.0249,10.0,4.8,"200 km SW of Bengkulu, Indonesia"
2024-07-13 23:56:26.438,12.6078,-88.2825,50.384,4.1,"69 km SSW of Chirilagua, El Salvador"
2024-07-13 23:21:05.293,-27.7085,-176.5564,10.0,5.6,Kermadec Islands region
2024-07-13 22:20:59.399,-24.251,-67.3275,187.321,4.2,"102 km W of San Antonio de los Cobres, Argentina"
2024-07-13 21:48:29.815,36.8005,71.5652,194.673,4.0,"9 km NNW of Ishqoshim, Tajikistan"
2024-07-13 21:42:51.046,4.8698,126.2356,83.021,4.5,"103 km SE of Sarangani, Philippines"
2024-07-13 20:35:42.806,30.5257,137.7106,459.776,4.1,"Izu Islands, Japan region"
2024-07-13 10:56:42.311,49.2503,155.2367,67.294,4.5,"170 km SSW of Severo-Kuril’sk, Russia"
2024-07-13 10:48:31.354,-21.0568,-67.3585,179.745,4.3,"86 km SW of Uyuni, Bolivia"
2024-07-13 10:08:15.318,-24.164,-67.0996,210.661,4.5,"79 km W of San Antonio de los Cobres, Argentina"
2024-07-13 09:05:41.225,-15.9193,-74.5775,12.781,4.6,"26 km WSW of Atiquipa, Peru"
2024-07-13 07:58:53.915,53.58,-164.9166,37.744,4.6,"83 km SE of Akutan, Alaska"
2024-07-13 04:48:47.169,25.0767,128.1829,10.0,5.3,"127 km SSE of Itoman, Japan"
2024-07-13 04:37:19.696,-16.2862,-176.3209,363.751,4.5,"272 km W of Hihifo, Tonga"
2024-07-13 04:36:22.560,2.7566,95.3256,10.0,4.8,"121 km WNW of Sinabang, Indonesia"
2024-07-13 04:03:47.436,36.086,70.3736,121.905,4.2,"71 km SE of Farkhār, Afghanistan"
2024-07-13 01:49:46.265,38.6407,43.2492,7.329,4.3,"19 km NW of Van, Turkey"
2024-07-13 00:56:43.967,38.0697,21.9179,12.342,4.3,"12 km ESE of Chalandrítsa, Greece"
2024-07-13 00:48:12.786,-3.7267,151.3098,10.0,5.2,"108 km WNW of Rabaul, Papua New Guinea"
2024-07-13 00:25:00.169,-15.9639,-74.7739,25.942,4.8,"47 km WSW of Atiquipa, Peru"
2024-07-13 00:21:13.362,23.9533,121.7596,24.134,4.4,"16 km E of Hualien City, Taiwan"
2024-07-12 23:49:03.912,-17.3739,-69.4198,160.903,5.6,"66 km E of Tarata, Peru"
2024-07-12 23:17:43.473,-6.7861,129.7651,171.315,4.5,Banda Sea
2024-07-12 23:05:40.111,-5.3377,150.0941,176.288,4.4,"24 km NNW of Kimbe, Papua New Guinea"
2024-07-12 22:42:50.103,-3.8107,151.3615,17.803,5.5,"98 km WNW of Rabaul, Papua New Guinea"
2024-07-12 20:44:41.957,45.4531,151.7719,36.629,4.4,Kuril Islands
2024-07-12 20:32:20.630,29.1643,56.9795,10.474,4.5,"21 km SE of Kūh Sefīd, Iran"
2024-07-12 19:24:42.870,-20.8969,-177.7056,456.713,4.1,"251 km W of Houma, Tonga"
2024-07-12 18:26:02.964,-0.2277,124.5491,11.797,4.3,"76 km S of Modisi, Indonesia"
2024-07-12 18:16:19.292,-6.3924,124.5354,596.73,4.7,"237 km ESE of Baubau, Indonesia"
2024-07-12 17:20:13.489,-3.8028,126.1328,46.456,4.9,"193 km S of Sanana, Indonesia"
2024-07-12 17:18:07.064,-58.8516,-25.2828,33.201,4.9,South Sandwich Islands region
2024-07-12 16:30:49.001,35.2014,22.6622,46.659,4.2,"92 km W of Palaióchora, Greece"
2024-07-12 16:19:20.231,-32.4016,-71.8279,29.893,4.1,"56 km W of La Ligua, Chile"
2024-07-12 16:04:01.247,1.7179,126.4274,46.501,4.8,"147 km ENE of Bitung, Indonesia"
2024-07-12 15:00:32.984,-15.5726,-74.7689,31.894,5.7,"23 km SW of Acarí, Peru"
2024-07-12 13:50:31.536,49.0205,-128.2873,10.0,4.8,"174 km W of Tofino, Canada"
2024-07-12 12:26:23.049,34.146,74.3502,14.846,4.5,"7 km S of Bāramūla, India"
2024-07-12 12:18:27.862,39.3773,20.9369,17.049,4.3,"14 km ENE of Pappadátes, Greece"
2024-07-12 11:17:02.506,-4.6415,-104.7114,10.0,4.6,central East Pacific Rise
2024-07-12 10:38:45.169,-42.9955,-74.3116,24.126,4.1,"58 km WNW of Quellón, Chile"
2024-07-12 10:23:52.661,54.8238,167.93,9.683,5.1,"Komandorskiye Ostrova, Russia region"
2024-07-12 09:25:54.102,-15.0227,-173.3514,10.0,5.0,"113 km NNE of Hihifo, Tonga"
2024-07-12 09:01:44.203,-24.1074,-67.0018,186.809,4.2,"70 km W of San Antonio de los Cobres, Argentina"
2024-07-12 07:21:09.511,14.575,55.7125,10.0,4.9,"281 km NE of Hadibu, Yemen"
2024-07-12 05:49:41.701,-4.6309,-104.8562,10.0,5.8,central East Pacific Rise
2024-07-12 04:04:44.706,-25.5279,179.6551,511.96,4.4,south of the Fiji Islands
2024-07-12 03:48:09.742,-7.4808,105.0029,16.398,4.9,"152 km SW of Labuan, Indonesia"
2024-07-12 03:02:45.457,-36.7095,177.146,244.801,4.2,"119 km ENE of Pauanui, New Zealand"
2024-07-11 23:04:27.469,48.8005,-128.6165,10.0,4.7,"202 km WSW of Tofino, Canada"
2024-07-11 21:54:21.891,-0.0984,124.0222,102.494,4.7,"76 km SW of Modisi, Indonesia"
2024-07-11 21:49:41.616,-6.3025,128.4166,334.657,4.4,"289 km S of Ambon, Indonesia"
2024-07-11 21:47:21.546,48.9111,-128.4452,10.0,5.4,"187 km W of Tofino, Canada"
2024-07-11 21:05:41.801,48.932,-128.7769,10.0,4.2,"211 km W of Tofino, Canada"
2024-07-11 20:47:35.633,48.8019,-128.7385,10.0,4.5,"210 km WSW of Tofino, Canada"
2024-07-11 20:38:47.501,48.8127,-128.7254,10.0,6.4,"209 km WSW of Tofino, Canada"
2024-07-11 18:00:56.198,4.1378,124.2631,369.175,4.4,"193 km SW of Sarangani, Philippines"
2024-07-11 17:34:09.409,11.5257,-85.9578,187.497,4.6,"7 km WNW of Belén, Nicaragua"
2024-07-11 14:57:34.542,12.3126,144.1309,10.0,5.4,"120 km SSW of Merizo Village, Guam"
2024-07-11 14:04:22.066,-8.9828,124.1866,67.841,4.5,"32 km NW of Pante Makasar, Timor Leste"
2024-07-11 11:29:33.497,-32.2823,-71.9112,21.378,4.3,"66 km WNW of La Ligua, Chile"
2024-07-11 09:56:49.843,39.3907,143.4976,10.0,4.1,"133 km E of Yamada, Japan"
2024-07-11 09:34:32.417,-6.7717,130.2271,114.653,4.5,Banda Sea
2024-07-11 08:54:44.101,38.736,30.5575,10.0,4.2,"2 km SSE of Afyonkarahisar, Turkey"
2024-07-11 08:31:18.427,37.0126,137.4273,10.0,4.9,"10 km NW of Nyūzen, Japan"
2024-07-11 08:25:19.305,-8.7449,-74.6308,132.926,4.8,"9 km ENE of Honoria, Peru"
2024-07-11 07:43:17.513,6.0646,123.1605,620.077,7.1,"106 km WSW of Sangay, Philippines"
2024-07-11 06:29:45.167,29.2877,142.3118,19.97,4.5,"Izu Islands, Japan region"
2024-07-11 06:19:16.643,41.6147,82.4404,10.0,4.3,"42 km WSW of Kuqa, China"
2024-07-11 05:51:47.193,-23.7785,-66.7756,214.496,4.4,"67 km NW of San Antonio de los Cobres, Argentina"
2024-07-11 05:22:00.425,-60.2889,-26.5661,10.0,5.0,South Sandwich Islands region
2024-07-11 04:12:48.243,-21.937,-68.6262,137.773,4.0,"65 km NNE of Calama, Chile"
2024-07-11 02:30:55.752,-5.3557,101.1115,10.0,4.8,"214 km SW of Bengkulu, Indonesia"
2024-07-11 01:54:22.955,-6.3739,128.4503,294.335,4.2,"286 km NE of Lospalos, Timor Leste"
2024-07-11 01:32:13.921,-46.9658,-10.5808,10.0,5.0,southern Mid-Atlantic Ridge
2024-07-11 01:24:40.217,24.1654,121.7364,28.866,4.1,"24 km NNE of Hualien City, Taiwan"
2024-07-11 01:19:26.988,29.7368,86.7891,14.586,4.1,"158 km ENE of Saga, China"
2024-07-11 01:18:57.513,-46.8982,-10.6457,10.0,5.1,southern Mid-Atlantic Ridge
2024-07-11 00:17:39.666,30.7475,139.6713,14.085,4.4,"Izu Islands, Japan region"
2024-07-10 23:41:05.158,51.0798,89.4461,10.0,4.3,"53 km W of Teeli, Russia"
2024-07-10 23:11:43.927,16.6584,-94.5342,93.167,4.3,"13 km NE of Niltepec, Mexico"
2024-07-10 22:48:43.321,-5.3352,101.0468,10.0,4.4,"217 km SW of Bengkulu, Indonesia"
2024-07-10 21:09:35.656,-22.8068,-66.2556,261.767,4.5,"58 km W of Abra Pampa, Argentina"
2024-07-10 21:02:42.786,-5.3869,101.0589,10.0,5.4,"220 km SW of Bengkulu, Indonesia"
2024-07-10 20:46:18.241,48.7298,155.1044,46.204,4.2,"228 km SSW of Severo-Kuril’sk, Russia"
2024-07-10 19:04:42.605,40.7116,84.2616,10.0,4.4,"157 km SE of Kuqa, China"
2024-07-10 17:52:22.775,-14.2673,-74.3448,87.663,4.4,"36 km S of Sacsamarca, Peru"
2024-07-10 17:30:15.747,18.3101,120.3868,30.548,4.8,"24 km W of Pasuquin, Philippines"
2024-07-10 15:39:46.460,-18.6514,-69.0797,139.522,4.1,"81 km NNE of Camiña, Chile"
2024-07-10 15:24:32.942,38.2358,38.1057,10.0,4.3,"13 km WSW of Yeşilyurt, Turkey"
2024-07-10 15:23:36.513,3.8242,-78.6234,10.0,4.7,"146 km N of Mosquera, Colombia"
2024-07-10 14:30:12.593,58.8753,-150.1418,0.5,4.1,"101 km SE of Halibut Cove, Alaska"
2024-07-10 14:22:41.527,37.1663,71.3583,118.672,4.4,"39 km SSW of Khorugh, Tajikistan"
2024-07-10 14:09:18.054,37.0216,142.4565,15.841,4.6,"132 km ESE of Tomioka, Japan"
2024-07-10 10:25:41.773,-53.301,25.361,4.0,6.6,south of Africa
2024-07-10 09:10:29.401,-17.078,-174.2669,84.973,4.6,"134 km SSW of Hihifo, Tonga"
2024-07-10 08:40:19.146,-5.5159,147.1295,184.02,4.5,"134 km N of Lae, Papua New Guinea"
2024-07-10 07:14:51.875,19.4016,77.2552,10.0,4.4,"13 km NE of Basmat, India"
2024-07-10 07:08:20.274,-6.4778,146.714,46.717,4.1,"41 km NW of Lae, Papua New Guinea"
2024-07-10 07:07:36.950,-12.4698,166.9785,200.111,4.1,"167 km NNW of Sola, Vanuatu"
2024-07-10 06:56:21.903,-13.1628,-111.3925,10.0,4.8,central East Pacific Rise
2024-07-10 06:49:37.252,-13.4638,-111.4886,10.0,4.7,central East Pacific Rise
2024-07-10 06:12:48.770,17.6321,-68.9191,61.0,4.04,"88 km S of La Romana, Dominican Republic"
2024-07-10 03:50:45.932,76.7201,7.2888,10.0,5.0,"262 km SW of Longyearbyen, Svalbard and Jan Mayen"
2024-07-10 03:11:04.717,38.2484,38.1064,4.75,4.1,"13 km WSW of Yeşilyurt, Turkey"
2024-07-10 03:09:07.798,20.0945,145.5974,10.0,4.3,"Maug Islands region, Northern Mariana Islands"
2024-07-10 02:32:31.047,-57.6357,-25.3544,45.956,4.5,South Sandwich Islands region
2024-07-10 00:48:05.302,34.0582,86.2838,10.0,4.1,western Xizang
2024-07-10 00:32:47.648,38.9391,142.0564,60.587,4.1,"32 km ESE of Ōfunato, Japan"
2024-07-09 23:21:37.243,17.6347,-102.0914,10.0,4.2,"38 km S of Petacalco, Mexico"
2024-07-09 20:58:30.884,-20.4457,-174.2414,7.208,5.2,"70 km S of Pangai, Tonga"
2024-07-09 19:59:41.509,22.4197,143.4215,136.064,4.5,"Volcano Islands, Japan region"
2024-07-09 19:20:01.087,1.1318,128.2768,9.71,4.6,"47 km N of Maba, Indonesia"
2024-07-09 15:08:13.156,-32.7943,-179.2331,73.424,4.9,south of the Kermadec Islands
2024-07-09 14:41:51.715,36.6798,28.1896,80.005,4.8,"13 km SSW of İçmeler, Turkey"
2024-07-09 09:46:47.638,-27.5999,-13.3721,10.0,4.8,southern Mid-Atlantic Ridge
2024-07-09 09:38:39.881,-27.6559,-13.3948,10.0,5.0,southern Mid-Atlantic Ridge
2024-07-09 09:31:02.280,-17.053,-175.2594,245.848,4.1,"197 km SW of Hihifo, Tonga"
2024-07-09 09:27:35.123,-27.8775,-13.0815,10.0,4.8,southern Mid-Atlantic Ridge
2024-07-09 08:36:58.835,7.7564,93.8982,10.0,4.3,"259 km NW of Sabang, Indonesia"
2024-07-09 08:32:29.934,-30.8913,-70.8127,90.361,4.3,"25 km SSE of Monte Patria, Chile"
2024-07-09 07:40:27.940,7.8216,94.0099,10.038,4.4,"257 km NW of Sabang, Indonesia"
2024-07-09 07:36:41.056,-16.2862,-75.4665,10.0,4.4,"106 km SSW of San Juan, Peru"
2024-07-09 06:22:11.629,-19.2981,134.6777,8.108,4.4,"64 km NE of Tennant Creek, Australia"
2024-07-09 05:40:16.991,-16.0506,-74.9142,31.991,4.5,"65 km WSW of Atiquipa, Peru"
2024-07-09 04:34:32.501,68.0524,-19.08,10.0,4.1,"212 km N of Siglufjörður, Iceland"
2024-07-09 04:09:20.117,-6.4471,127.8632,366.576,4.3,"248 km NNE of Lospalos, Timor Leste"
2024-07-09 03:56:43.588,0.8002,124.6736,8.496,4.4,"46 km NE of Modisi, Indonesia"
2024-07-09 03:20:37.999,22.024,121.3255,14.408,4.2,"60 km E of Hengchun, Taiwan"
2024-07-09 02:57:28.490,-7.4662,125.8373,9.079,4.4,"117 km N of Manatutu, Timor Leste"
2024-07-09 01:03:28.765,-15.9895,-74.7421,31.466,5.4,"45 km WSW of Atiquipa, Peru"
2024-07-08 22:19:17.249,-22.942,-176.5078,153.641,4.3,"232 km SSW of Houma, Tonga"
2024-07-08 21:20:53.000,36.5302,71.2625,227.452,4.2,"29 km SW of Ashkāsham, Afghanistan"
2024-07-08 20:36:48.208,48.8302,-128.9329,10.0,5.2,"224 km W of Tofino, Canada"
2024-07-08 20:19:42.955,1.585,127.7619,7.722,4.5,"31 km WSW of Tobelo, Indonesia"
2024-07-08 19:37:45.568,-15.8678,-74.7945,31.958,4.8,"46 km W of Atiquipa, Peru"
2024-07-08 19:33:32.537,-15.9643,-74.8559,25.532,5.3,"55 km WSW of Atiquipa, Peru"
2024-07-08 19:03:50.848,55.6765,161.9319,71.576,4.0,"70 km SSW of Ust’-Kamchatsk Staryy, Russia"
2024-07-08 18:48:19.524,-23.808,-66.5368,210.38,4.5,"50 km NNW of San Antonio de los Cobres, Argentina"
2024-07-08 18:42:39.120,-7.5428,127.9582,145.018,4.2,"151 km NE of Lospalos, Timor Leste"
2024-07-08 18:36:50.510,8.4039,126.3019,90.812,4.4,"4 km NW of Hinatuan, Philippines"
2024-07-08 15:24:55.048,8.512,-82.7029,31.236,5.3,"1 km E of Santo Domingo, Panama"
2024-07-08 13:49:05.013,9.0211,126.7489,50.647,4.8,"50 km ENE of Aras-asan, Philippines"
2024-07-08 09:09:59.566,-21.8911,-68.7369,127.012,4.3,"65 km NNE of Calama, Chile"
2024-07-08 08:49:06.359,-55.2587,-29.29,35.0,4.3,South Sandwich Islands region
2024-07-08 08:46:45.607,-55.433,-29.4495,35.0,4.6,South Sandwich Islands region
2024-07-08 08:45:58.165,13.4046,-90.4146,54.393,4.0,"64 km SW of San Francisco Menéndez, El Salvador"
2024-07-08 08:39:07.471,-16.9619,-178.175,577.841,4.4,"268 km ESE of Labasa, Fiji"
2024-07-08 08:31:02.711,-35.4432,-179.4026,10.0,4.4,east of the North Island of New Zealand
2024-07-08 08:29:47.393,19.9311,145.3861,10.0,4.7,"Maug Islands region, Northern Mariana Islands"
2024-07-08 06:20:48.285,5.0443,127.0282,110.365,4.1,"173 km SSE of Pondaguitan, Philippines"
2024-07-08 06:08:49.105,11.2972,-87.2623,27.24,4.7,"97 km WSW of Masachapa, Nicaragua"
2024-07-08 05:07:46.456,-23.2747,170.6729,10.0,4.3,southeast of the Loyalty Islands
2024-07-08 03:49:45.530,29.3908,139.2799,401.046,4.4,"Izu Islands, Japan region"
2024-07-08 03:22:33.470,-15.9283,-172.4045,10.0,4.7,"149 km E of Hihifo, Tonga"
2024-07-08 03:07:46.218,-6.1655,148.3549,63.322,4.4,"71 km NE of Finschhafen, Papua New Guinea"
2024-07-08 02:36:54.323,-2.982,126.8319,9.705,4.1,"139 km SE of Sanana, Indonesia"
2024-07-08 01:45:49.570,55.5665,162.1019,73.444,5.5,"77 km SSW of Ust’-Kamchatsk Staryy, Russia"
2024-07-08 01:31:14.099,26.8876,138.8281,571.201,6.2,"Bonin Islands, Japan region"
2024-07-07 21:05:38.282,-21.2819,-178.2207,462.255,4.5,Fiji region
2024-07-07 21:01:46.873,-16.0563,-175.0813,295.971,4.4,"138 km W of Hihifo, Tonga"
2024-07-07 20:11:04.550,37.7878,21.2243,23.526,4.7,"7 km WSW of Savália, Greece"
2024-07-07 19:58:07.295,-27.8062,-71.3247,26.476,4.4,"101 km NNW of Vallenar, Chile"
2024-07-07 17:37:57.214,40.9414,20.6652,9.431,4.3,"4 km NNE of Pogradec, Albania"
2024-07-07 17:25:34.116,55.5772,162.1534,53.0,5.5,"75 km SSW of Ust’-Kamchatsk Staryy, Russia"
2024-07-07 14:19:46.585,6.49,127.6588,10.0,4.1,"146 km ESE of San Ignacio, Philippines"
2024-07-07 13:49:03.958,-20.4332,-178.6532,585.541,4.0,Fiji region
2024-07-07 13:07:12.242,-22.6331,-174.349,10.0,4.2,"156 km SSE of ‘Ohonua, Tonga"
2024-07-07 13:05:24.077,-6.8574,109.7394,11.081,4.5,"7 km ENE of Pekalongan, Indonesia"
2024-07-07 12:37:53.760,10.801,-62.499,109.084,4.5,"33 km NW of Güiria, Venezuela"
2024-07-07 12:17:45.800,19.3293333333333,-155.119,6.84,4.14,"15 km S of Fern Forest, Hawaii"
2024-07-07 10:41:25.335,36.5113,70.3055,196.838,4.3,"40 km E of Farkhār, Afghanistan"
2024-07-07 09:59:27.156,-33.3438,-71.7354,32.258,4.4,"26 km NNW of Cartagena, Chile"
2024-07-07 09:56:18.501,-33.3594,-71.7322,32.387,4.2,"24 km NNW of Cartagena, Chile"
2024-07-07 09:45:53.295,-25.2445,-177.6212,129.378,4.3,south of the Fiji Islands
2024-07-07 09:21:54.930,-10.9386,165.9009,77.31,4.5,"26 km SSE of Lata, Solomon Islands"
2024-07-07 08:26:43.273,29.3328,105.626,10.0,4.3,"3 km WSW of Yongrong, China"
2024-07-07 07:59:39.416,27.8878,140.1718,371.294,4.0,"Bonin Islands, Japan region"
2024-07-07 05:36:45.749,-17.47,167.6116,44.381,4.8,"80 km WNW of Port-Vila, Vanuatu"
2024-07-07 05:09:14.118,-45.7586,34.8782,10.0,4.9,Prince Edward Islands region
2024-07-07 04:11:12.407,7.8816,127.3068,10.0,4.5,"86 km ENE of Kinablangan, Philippines"
2024-07-07 03:54:39.503,-55.4612,-29.6134,25.081,4.5,South Sandwich Islands region
2024-07-07 03:01:11.522,-23.5152,-66.5526,198.353,4.3,"81 km NNW of San Antonio de los Cobres, Argentina"
2024-07-07 02:47:07.705,36.228,71.4722,101.425,4.6,"50 km S of Ashkāsham, Afghanistan"
2024-07-07 01:47:25.807,15.4272,-96.3629,10.0,4.1,"30 km SSE of Puerto Ángel, Mexico"
2024-07-06 23:43:29.220,51.6564,178.2314,112.689,4.1,"Rat Islands, Aleutian Islands, Alaska"
2024-07-06 23:04:27.894,37.7472,21.1944,7.324,4.9,"12 km SW of Savália, Greece"
2024-07-06 22:56:01.496,7.6553,126.9229,77.374,4.9,"41 km ENE of Baganga, Philippines"
2024-07-06 21:52:13.854,52.3889,-176.0754,167.562,4.0,"68 km NE of Adak, Alaska"
2024-07-06 21:37:45.306,73.6184,8.8827,10.0,4.4,Greenland Sea
2024-07-06 21:31:05.130,12.2762,124.6175,73.422,5.0,"2 km SSW of Lope de Vega, Philippines"
2024-07-06 21:15:22.815,-21.1457,-68.5222,133.58,4.4,"29 km WNW of Ollagüe, Chile"
2024-07-06 20:33:40.800,-38.6807,175.7811,156.123,4.2,"21 km W of Acacia Bay, New Zealand"
2024-07-06 18:56:47.628,-8.5605,112.5564,89.528,4.4,"43 km SSW of Gongdanglegi Kulon, Indonesia"
2024-07-06 18:49:15.217,-35.6243,-179.3088,34.52,4.3,east of the North Island of New Zealand
2024-07-06 16:32:57.351,-5.5385,146.9423,195.941,4.6,"131 km N of Lae, Papua New Guinea"
2024-07-06 16:31:06.526,48.3258,-128.9731,10.0,4.2,"243 km WSW of Tofino, Canada"
2024-07-06 16:02:02.067,19.2165,121.1333,41.906,4.7,"67 km N of Namuac, Philippines"
2024-07-06 15:59:31.876,19.2353,121.2147,23.246,5.5,"69 km N of Namuac, Philippines"
2024-07-06 15:51:19.692,33.4409,140.4518,62.126,4.8,"179 km SSE of Tateyama, Japan"
2024-07-06 15:03:59.492,-14.8232,167.7468,110.557,4.4,"76 km ENE of Port-Olry, Vanuatu"
2024-07-06 14:08:37.133,-41.9054,-73.5454,43.314,4.4,"22 km E of Ancud, Chile"
2024-07-06 13:56:26.939,-6.6832,131.7226,10.0,4.5,"163 km SW of Tual, Indonesia"
2024-07-06 12:26:46.691,20.1275,145.3862,52.87,4.3,"Maug Islands region, Northern Mariana Islands"
2024-07-06 12:12:24.427,37.1844,141.5035,50.389,4.3,"46 km ESE of Tomioka, Japan"
2024-07-06 11:52:54.046,-21.0583,-68.6878,134.516,4.1,"48 km WNW of Ollagüe, Chile"
2024-07-06 09:30:49.467,-15.6794,-73.2699,55.144,4.3,"29 km SE of Cahuacho, Peru"
2024-07-06 08:55:21.053,-5.8832,149.234,10.0,4.3,"49 km NW of Kandrian, Papua New Guinea"
2024-07-06 08:16:25.278,-18.046,-69.7273,132.609,4.4,"38 km SE of Palca, Peru"
2024-07-06 06:58:35.432,-22.1832,-179.5385,575.34,4.3,south of the Fiji Islands
2024-07-06 06:31:40.188,-6.4926,147.4305,42.156,4.0,"46 km W of Finschhafen, Papua New Guinea"
2024-07-06 03:21:46.212,3.4871,95.0303,23.795,4.6,"141 km WSW of Meulaboh, Indonesia"
2024-07-06 03:14:39.888,-60.0574,-26.7949,55.731,4.6,South Sandwich Islands region
2024-07-06 02:36:43.188,-22.5598,-68.7114,115.069,4.2,"24 km ESE of Calama, Chile"
2024-07-06 00:23:04.930,-28.7931,-69.3688,107.598,4.8,"113 km W of Vinchina, Argentina"
2024-07-06 00:21:53.585,-4.3369,102.2081,56.56,4.9,"59 km S of Bengkulu, Indonesia"
2024-07-06 00:16:25.878,-23.1879,-66.5872,197.677,4.9,"92 km W of El Aguilar, Argentina"
2024-07-05 23:44:03.424,44.3579,142.3355,232.258,5.1,"9 km W of Nayoro, Japan"
2024-07-05 23:36:21.369,-16.7652,-73.7443,19.115,4.5,"62 km SSW of Atico, Peru"
2024-07-05 22:44:36.507,25.0225,95.2927,128.143,4.4,"107 km SE of Phek, India"
2024-07-05 22:12:52.498,-55.5122,-27.1529,32.459,4.4,South Sandwich Islands region
2024-07-05 22:04:04.930,48.624,-129.0635,10.0,5.0,"238 km WSW of Tofino, Canada"
2024-07-05 21:17:41.122,34.6383,25.1436,10.0,4.1,"40 km S of Pýrgos, Greece"
2024-07-05 20:35:02.039,15.0543,122.7034,31.277,4.5,"51 km NE of Casuguran, Philippines"
2024-07-05 19:16:21.845,36.718,71.4514,151.78,4.3,"8 km WNW of Ashkāsham, Afghanistan"
2024-07-05 19:08:36.402,-20.3733,-178.4218,546.724,4.4,Fiji region
2024-07-05 17:11:05.302,-8.1109,119.9248,195.632,4.5,"42 km N of Labuan Bajo, Indonesia"
2024-07-05 16:57:17.298,-11.1908,-76.2522,10.992,4.3,"16 km SW of Ondores, Peru"
2024-07-05 16:42:02.783,-30.5166,-177.9697,10.855,4.9,"Kermadec Islands, New Zealand"
2024-07-05 14:35:13.827,48.7187,-128.667,10.0,4.0,"207 km WSW of Tofino, Canada"
2024-07-05 13:44:56.123,2.3726,96.1497,29.386,4.8,"28 km WSW of Sinabang, Indonesia"
2024-07-05 12:51:47.038,-7.5522,127.7642,161.044,4.4,"136 km NE of Lospalos, Timor Leste"
2024-07-05 12:04:43.502,-6.3905,142.7353,10.0,4.6,"64 km SSW of Tari, Papua New Guinea"
2024-07-05 10:20:58.890,-5.5531,147.6107,151.065,4.2,"114 km NNW of Finschhafen, Papua New Guinea"
2024-07-05 10:20:31.145,-35.3768,-179.1983,10.0,4.6,east of the North Island of New Zealand
2024-07-05 09:31:48.009,10.013,125.9603,61.97,4.6,"7 km NW of San Benito, Philippines"
2024-07-05 07:53:59.688,-15.0789,-76.4062,10.0,4.1,"124 km SW of Santiago, Peru"
2024-07-05 07:39:01.963,48.5769,-128.9508,10.0,4.3,"232 km WSW of Tofino, Canada"
2024-07-05 07:18:43.127,48.5998,-128.8591,10.0,4.4,"225 km WSW of Tofino, Canada"
2024-07-05 06:15:25.539,-32.6157,179.5298,359.066,4.0,south of the Kermadec Islands
2024-07-05 05:36:30.556,-4.5917,102.6794,63.366,4.4,"88 km SW of Pagar Alam, Indonesia"
2024-07-05 04:43:31.718,48.4302,-129.0395,10.0,4.3,"243 km WSW of Tofino, Canada"
2024-07-05 04:34:23.153,-12.1815,166.0185,10.0,4.6,"162 km S of Lata, Solomon Islands"
2024-07-05 04:06:15.018,-23.2149,-69.8097,81.822,4.0,"66 km E of Mejillones, Chile"
2024-07-05 03:49:05.146,36.0763,74.5936,45.798,4.5,"28 km SSW of Barishal, Pakistan"
2024-07-05 03:34:26.659,40.869,84.1638,10.0,4.5,"139 km SE of Kuqa, China"
2024-07-05 03:26:39.755,-15.0811,-77.2935,10.0,4.4,"174 km SW of Paracas, Peru"
2024-07-05 03:24:51.616,-20.655,-178.36,638.084,4.2,Fiji region
2024-07-05 03:20:28.010,-23.2801,171.031,10.0,4.9,southeast of the Loyalty Islands
2024-07-05 03:04:11.797,-40.9491,80.996,10.0,4.6,Mid-Indian Ridge
2024-07-05 02:50:20.355,48.4607,-128.9043,10.0,4.4,"233 km WSW of Tofino, Canada"
2024-07-05 02:42:27.174,24.4087,92.7063,35.0,4.4,"18 km SSE of Lāla, India"
2024-07-05 02:23:21.299,-31.6853,-70.51,116.07,4.1,"44 km ENE of Salamanca, Chile"
2024-07-05 00:01:24.583,48.7523,-129.0596,10.0,4.3,"235 km WSW of Tofino, Canada"
2024-07-04 23:13:17.778,48.7243,-129.1074,10.0,4.3,"239 km WSW of Tofino, Canada"
2024-07-04 21:45:08.277,48.6778,-129.0034,10.0,5.7,"232 km WSW of Tofino, Canada"
2024-07-04 21:30:17.075,48.7912,-129.1652,10.0,4.3,"241 km W of Tofino, Canada"
2024-07-04 21:10:56.932,-20.2182,-173.779,10.0,5.1,"74 km SE of Pangai, Tonga"
2024-07-04 18:48:02.860,48.6951,-129.2586,10.0,4.6,"250 km WSW of Tofino, Canada"
2024-07-04 14:07:29.279,52.4321,-168.4641,35.0,4.3,"62 km SSE of Nikolski, Alaska"
2024-07-04 13:02:15.546,-15.1577,-174.4986,184.24,4.3,"115 km NW of Hihifo, Tonga"
2024-07-04 13:00:20.222,9.0729,126.6158,63.42,4.5,"39 km ENE of Bacolod, Philippines"
2024-07-04 12:29:47.154,-7.4118,128.6775,152.203,4.5,"222 km ENE of Lospalos, Timor Leste"
2024-07-04 11:59:02.358,-24.6926,-179.9895,482.948,4.2,south of the Fiji Islands
2024-07-04 10:40:24.177,14.9346,-61.3921,162.489,4.3,"30 km WNW of Basse-Pointe, Martinique"
2024-07-04 10:31:23.413,48.4637,-128.8203,10.0,4.2,"227 km WSW of Tofino, Canada"
2024-07-04 10:13:05.468,-4.3118,127.3943,283.278,4.2,"110 km SW of Ambon, Indonesia"
2024-07-04 08:42:30.294,35.0839,140.3095,47.606,5.1,"6 km S of Katsuura, Japan"
2024-07-04 07:41:52.834,-10.0603,161.4134,71.052,4.2,"70 km NW of Kirakira, Solomon Islands"
2024-07-04 06:59:09.123,-25.5293,-175.9807,10.0,4.7,south of Tonga
2024-07-04 06:55:27.070,36.4317,140.5809,62.597,4.5,"4 km SSE of Funaishikawa, Japan"
2024-07-04 05:47:29.621,19.6475,-109.382,10.0,5.2,Revilla Gigedo Islands region
2024-07-04 05:31:23.764,-24.4502,179.9578,502.474,4.2,south of the Fiji Islands
2024-07-04 04:58:01.716,-25.4165,-176.0848,10.0,5.0,south of the Fiji Islands
2024-07-04 04:50:53.165,-34.3632,-178.5057,10.0,5.2,south of the Kermadec Islands
2024-07-04 04:30:33.730,2.5299,127.0333,66.578,4.5,"140 km NW of Tobelo, Indonesia"
2024-07-04 04:09:59.792,-34.1508,-72.2483,16.772,4.0,"85 km SW of San Antonio, Chile"
2024-07-04 02:44:22.917,48.4652,-128.6639,10.0,4.0,"216 km WSW of Tofino, Canada"
2024-07-04 02:16:41.706,47.4604,153.1087,79.568,4.7,Kuril Islands
2024-07-04 01:55:13.256,48.5102,-128.8556,10.0,4.9,"227 km WSW of Tofino, Canada"
2024-07-04 01:53:46.026,48.5928,-128.6725,10.0,4.3,"212 km WSW of Tofino, Canada"
2024-07-04 01:51:42.302,48.5794,-128.7066,10.0,4.3,"215 km WSW of Tofino, Canada"
2024-07-04 01:49:35.973,48.4656,-129.0821,10.0,4.5,"245 km WSW of Tofino, Canada"
2024-07-04 01:48:12.978,48.4575,-129.4151,10.0,4.6,"268 km WSW of Tofino, Canada"
2024-07-04 01:46:50.426,48.326,-128.9085,10.0,4.4,"239 km WSW of Tofino, Canada"
2024-07-04 01:43:24.684,48.74,-128.5301,10.0,4.2,"197 km WSW of Tofino, Canada"
2024-07-04 01:36:34.263,0.6661,67.3711,10.0,4.3,Carlsberg Ridge
2024-07-04 01:29:15.702,48.4888,-128.7569,10.0,4.4,"221 km WSW of Tofino, Canada"
2024-07-04 01:01:08.572,27.8823,143.0124,10.0,4.5,"Bonin Islands, Japan region"
2024-07-03 23:50:35.311,-22.9598,-68.6387,99.511,5.3,"45 km W of San Pedro de Atacama, Chile"
2024-07-03 20:51:44.490,-6.3033,130.3797,151.41,4.6,"273 km WSW of Tual, Indonesia"
2024-07-03 20:43:27.121,19.102,95.8885,39.612,4.5,"60 km WNW of Taungoo, Myanmar"
2024-07-03 18:19:20.099,-6.0174,151.7414,10.0,4.6,"184 km ESE of Kimbe, Papua New Guinea"
2024-07-03 17:14:27.126,26.6717,-111.0789,10.0,5.3,"77 km NNE of Loreto, Mexico"
2024-07-03 16:11:18.335,-18.712,-177.8246,497.268,4.4,Fiji region
2024-07-03 15:36:19.033,-34.5367,-179.5659,52.63,4.6,south of the Kermadec Islands
2024-07-03 13:05:28.283,-11.231,166.8124,10.0,4.8,"124 km ESE of Lata, Solomon Islands"
2024-07-03 12:47:28.285,-54.019,-2.4486,10.0,5.2,southern Mid-Atlantic Ridge
2024-07-03 12:38:10.052,-22.7806,-179.4002,519.163,4.4,south of the Fiji Islands
2024-07-03 10:06:08.431,-20.9374,-68.9127,99.332,4.1,"75 km WNW of Ollagüe, Chile"
2024-07-03 08:26:03.396,36.1507,74.6611,47.672,4.0,"19 km S of Barishal, Pakistan"
2024-07-03 08:12:58.872,36.1033,74.6656,49.766,4.6,"24 km S of Barishal, Pakistan"
2024-07-03 07:50:22.723,44.0683,156.5302,10.0,5.0,North Pacific Ocean
2024-07-03 06:34:17.392,25.4679,106.5625,9.229,4.4,"93 km NE of Zhelou, China"
2024-07-03 05:58:13.639,52.0827,-170.921,43.923,4.3,"169 km SW of Nikolski, Alaska"
2024-07-03 05:50:39.629,52.0523,-170.8649,42.785,4.6,"168 km SW of Nikolski, Alaska"
2024-07-03 05:11:43.140,-6.2551,147.6859,59.668,4.4,"37 km NNW of Finschhafen, Papua New Guinea"
2024-07-03 04:52:59.577,-20.9382,-178.7925,619.214,4.5,Fiji region
2024-07-03 04:28:18.101,3.0721,129.3192,10.0,4.2,"200 km W of Tobi Village, Palau"
2024-07-03 04:12:45.168,-31.7381,-71.8116,39.419,4.2,"61 km W of Illapel, Chile"
2024-07-03 03:37:26.165,-0.6616,122.6595,10.0,4.6,"35 km NNW of Luwuk, Indonesia"
2024-07-03 03:06:10.217,83.8485,-3.3074,10.0,4.3,north of Svalbard
2024-07-03 02:01:20.125,-28.4967,-177.288,46.368,4.7,Kermadec Islands region
2024-07-03 01:57:15.999,-29.875,-178.3934,108.094,4.6,"Kermadec Islands, New Zealand"
2024-07-03 01:04:35.103,34.7863,24.8899,10.0,4.8,"29 km S of Moíres, Greece"
2024-07-03 00:22:11.658,34.7594,24.8639,10.0,4.8,"32 km S of Moíres, Greece"
2024-07-02 23:49:23.450,-35.5444,-179.4508,37.833,4.7,east of the North Island of New Zealand
2024-07-02 21:47:46.749,-24.284,-67.2224,235.212,4.0,"92 km W of San Antonio de los Cobres, Argentina"
2024-07-02 21:02:46.678,10.0583,126.1313,58.627,5.0,"11 km ENE of Santa Monica, Philippines"
2024-07-02 21:02:43.500,35.5653,142.7356,10.164,4.7,"173 km E of Hasaki, Japan"
2024-07-02 20:33:29.465,-21.6008,-68.618,147.752,4.2,"56 km SW of Ollagüe, Chile"
2024-07-02 15:36:00.552,-5.5746,153.3739,26.853,4.6,"183 km SE of Kokopo, Papua New Guinea"
2024-07-02 14:47:35.623,-35.4177,-179.3869,10.0,5.1,east of the North Island of New Zealand
2024-07-02 11:53:52.061,26.446,125.187,229.668,4.6,"182 km N of Hirara, Japan"
2024-07-02 11:35:10.650,-35.4682,-179.4071,10.0,4.8,east of the North Island of New Zealand
2024-07-02 11:21:48.001,-26.9475,178.5963,610.314,4.6,south of the Fiji Islands
2024-07-02 10:23:55.205,-20.7596,-178.2371,576.628,4.4,Fiji region
2024-07-02 09:38:45.183,-6.6807,128.8626,209.667,4.3,"289 km NE of Lospalos, Timor Leste"
2024-07-02 09:16:11.155,-8.7366,-74.9261,131.814,4.5,"24 km W of Honoria, Peru"
2024-07-02 09:00:48.104,3.096,126.7738,54.756,4.5,"204 km NW of Tobelo, Indonesia"
2024-07-02 08:44:56.726,-35.3377,-179.4259,10.0,4.3,east of the North Island of New Zealand
2024-07-02 08:31:06.571,3.1535,127.0405,35.0,4.4,"190 km NW of Tobelo, Indonesia"
2024-07-02 08:16:03.531,-6.279,130.1055,164.84,4.9,Banda Sea
2024-07-02 08:15:55.370,-15.8477,-74.6876,35.0,4.3,"35 km W of Atiquipa, Peru"
2024-07-02 07:12:31.692,-21.2215,-68.7787,113.368,4.1,"54 km W of Ollagüe, Chile"
2024-07-02 06:39:10.250,36.3357,70.9586,119.856,4.1,"59 km S of Jurm, Afghanistan"
2024-07-02 05:55:16.799,-17.7413,-178.71,553.558,4.3,"212 km E of Levuka, Fiji"
2024-07-02 05:28:15.638,-4.3189,136.912,10.0,4.3,"189 km SE of Nabire, Indonesia"
2024-07-02 04:20:45.031,28.1138,129.9321,10.0,4.7,"49 km SE of Tatsugō, Japan"
2024-07-02 04:19:38.577,56.0569,-149.1169,11.44,4.2,"259 km SE of Chiniak, Alaska"
2024-07-02 04:14:53.693,26.9048,140.2993,471.947,5.3,"Bonin Islands, Japan region"
2024-07-02 01:28:49.855,45.0877,149.9147,54.508,4.4,"160 km E of Kuril’sk, Russia"
2024-07-01 22:40:59.768,13.9722,52.2799,10.0,4.6,"192 km NW of Qalansīyah, Yemen"
2024-07-01 21:49:27.361,-23.6367,-179.8716,521.442,4.4,south of the Fiji Islands
2024-07-01 20:52:41.827,-5.5324,147.2121,203.958,4.4,"133 km NNW of Finschhafen, Papua New Guinea"
2024-07-01 20:04:30.091,-21.1347,-178.4073,538.845,4.3,Fiji region
2024-07-01 18:50:04.032,-7.4138,-13.8045,10.0,4.7,"87 km NE of Georgetown, Saint Helena"
2024-07-01 18:49:41.806,-5.1717,145.7276,117.236,4.1,"8 km NW of Madang, Papua New Guinea"
2024-07-01 18:34:09.351,-32.6248,-69.2703,8.339,4.4,"50 km NW of Mendoza, Argentina"
2024-07-01 18:15:08.572,-21.0957,-178.7899,561.9,4.0,Fiji region
2024-07-01 17:24:40.762,-61.9785,155.127,10.0,4.6,Balleny Islands region
2024-07-01 17:07:41.671,-23.3865,-68.1117,125.677,4.4,"53 km S of San Pedro de Atacama, Chile"
2024-07-01 15:50:59.651,37.8553,73.2373,10.0,4.6,"72 km WSW of Murghob, Tajikistan"
2024-07-01 15:46:23.572,-5.5604,153.5894,41.587,5.0,"198 km SE of Kokopo, Papua New Guinea"
2024-07-01 15:33:10.048,-21.0982,-67.8364,188.452,4.5,"45 km ENE of Ollagüe, Chile"
2024-07-01 11:23:52.311,10.7865,125.3675,95.034,4.8,"29 km NE of Hingatungan, Philippines"
2024-07-01 10:52:23.070,10.7363,125.388,67.852,4.8,"27 km NE of Hingatungan, Philippines"
2024-07-01 10:42:03.283,14.7374,147.0554,10.0,5.0,"149 km ESE of Saipan, Northern Mariana Islands"
2024-07-01 09:29:51.766,-17.5864,-178.9348,536.674,4.3,"192 km ENE of Levuka, Fiji"
2024-07-01 09:02:28.556,37.6053,137.6336,10.0,4.2,"66 km NNW of Itoigawa, Japan"
2024-07-01 08:08:04.192,-62.6125,165.4408,10.0,5.1,Balleny Islands region
2024-07-01 06:53:06.740,-24.2849,-66.9787,180.669,4.2,"67 km W of San Antonio de los Cobres, Argentina"
2024-07-01 06:51:33.735,-22.9274,179.2334,559.143,4.4,south of the Fiji Islands
2024-07-01 05:24:27.894,-8.4548,121.946,205.056,4.5,"34 km WNW of Maumere, Indonesia"
2024-07-01 04:41:49.721,25.491,141.075,152.257,4.6,"Volcano Islands, Japan region"
2024-07-01 04:33:48.066,-6.4768,142.7775,10.0,4.5,"72 km SSW of Tari, Papua New Guinea"
2024-07-01 04:23:41.598,12.6501,120.7897,10.0,4.9,"11 km W of Ligaya, Philippines"
2024-07-01 03:43:35.805,36.1775,74.7442,35.0,4.1,"16 km SSE of Barishal, Pakistan"
2024-07-01 02:38:57.807,-6.443,147.8892,55.556,4.2,"13 km NNE of Finschhafen, Papua New Guinea"
2024-07-01 02:27:36.825,34.4881,45.5961,7.64,4.9,"24 km W of Sarpol-e Z̄ahāb, Iran"
2024-07-01 02:22:00.512,-9.5293,107.4152,10.0,4.3,"252 km SSW of Singaparna, Indonesia"
2024-07-01 02:17:39.077,-8.2077,-74.6314,129.094,4.6,"20 km NNW of Pucallpa, Peru"
2024-06-30 23:53:20.345,18.9993,144.9393,592.508,5.2,"Pagan region, Northern Mariana Islands"
2024-06-30 21:36:37.072,6.0254,123.8748,530.12,4.4,"40 km WSW of Palimbang, Philippines"
2024-06-30 21:36:29.333,-9.3734,107.4144,20.277,5.2,"236 km SSW of Singaparna, Indonesia"
2024-06-30 20:58:34.649,2.9539,125.8578,10.0,4.3,"185 km NNE of Bitung, Indonesia"
2024-06-30 20:30:02.978,-6.3829,130.3845,122.414,4.2,"275 km WSW of Tual, Indonesia"
2024-06-30 17:38:43.188,-28.8537,-70.6219,88.874,4.6,"33 km SSE of Vallenar, Chile"
2024-06-30 17:02:28.639,45.3834,151.4373,41.039,4.4,"279 km E of Kuril’sk, Russia"
2024-06-30 16:08:15.490,32.2167,132.1554,31.78,4.2,"53 km ESE of Hyūga, Japan"
2024-06-30 15:09:29.898,-32.9044,-179.8693,10.693,4.3,south of the Kermadec Islands
2024-06-30 14:58:39.995,-24.9203,179.809,499.317,4.2,south of the Fiji Islands
2024-06-30 14:33:33.213,-19.8066,-175.1104,13.144,4.6,"79 km W of Pangai, Tonga"
2024-06-30 14:14:08.828,-24.9648,179.7588,507.123,4.3,south of the Fiji Islands
2024-06-30 14:05:20.099,-26.9032,-176.6289,10.0,4.7,south of the Fiji Islands
2024-06-30 13:26:08.902,-26.5295,-177.2698,110.233,4.1,south of the Fiji Islands
2024-06-30 13:25:54.966,-25.9607,179.9984,500.758,4.4,south of the Fiji Islands
2024-06-30 13:18:50.640,-5.4759,146.9095,217.946,4.6,"127 km ESE of Madang, Papua New Guinea"
2024-06-30 12:40:58.520,10.2319,93.7593,10.549,4.3,"193 km SE of Port Blair, India"
2024-06-30 11:54:05.699,3.4157,124.4245,326.434,4.0,"218 km NNW of Manado, Indonesia"
2024-06-30 10:23:03.414,-7.4999,128.1766,154.379,4.2,"172 km NE of Lospalos, Timor Leste"
2024-06-30 09:27:45.700,-31.1109,-179.0344,169.832,4.4,Kermadec Islands region
2024-06-30 09:16:55.021,6.6903,-73.0526,160.601,4.8,"3 km W of Aratoca, Colombia"
2024-06-30 07:07:08.979,30.8464,130.225,155.06,4.3,"47 km S of Makurazaki, Japan"
2024-06-30 06:45:58.140,34.557,140.6557,43.543,4.4,"72 km SSE of Katsuura, Japan"
2024-06-30 05:47:08.744,-41.6402,84.7868,10.0,4.6,southeast Indian Ridge
2024-06-30 05:05:33.664,39.391,-116.684,7.6,4.1,"35 km ESE of Austin, Nevada"
2024-06-30 02:52:08.127,9.8509,124.0745,605.151,4.3,"7 km SSW of Sagbayan, Philippines"
2024-06-30 01:52:34.235,-22.2411,-174.3569,10.0,4.5,"117 km SSE of ‘Ohonua, Tonga"
2024-06-30 01:40:40.903,21.6148,143.0322,309.251,4.0,Mariana Islands region
2024-06-30 01:35:27.001,-17.3537,-173.5401,10.0,4.4,"151 km NNE of Neiafu, Tonga"
2024-06-30 00:46:47.492,-2.5293,129.7495,26.976,4.6,"121 km NE of Masohi, Indonesia"
2024-06-29 22:08:46.267,-54.0099,7.159,10.0,5.6,Bouvet Island region
2024-06-29 19:52:00.348,6.7968,127.1617,62.155,4.4,"82 km ESE of San Ignacio, Philippines"
2024-06-29 19:44:27.486,-29.7769,-179.3524,335.915,4.1,Kermadec Islands region
2024-06-29 17:54:45.535,-15.9696,-74.9182,19.695,4.2,"62 km WSW of Atiquipa, Peru"
2024-06-29 16:59:54.933,-15.6132,-173.5286,70.847,4.1,"47 km NE of Hihifo, Tonga"
2024-06-29 16:40:33.061,52.2713,-175.1692,101.99,5.0,"66 km W of Atka, Alaska"
2024-06-29 15:28:06.374,-16.1319,-74.8283,28.698,4.2,"62 km SW of Atiquipa, Peru"
2024-06-29 14:59:00.038,44.4606,147.9073,77.306,4.2,"85 km S of Kuril’sk, Russia"
2024-06-29 14:46:47.923,6.7902,-73.0799,151.808,4.3,"6 km NNE of Jordán, Colombia"
2024-06-29 14:14:23.855,-17.8641,-178.6124,563.456,4.6,"220 km E of Levuka, Fiji"
2024-06-29 12:52:47.284,-15.9911,-74.5613,21.807,5.4,"30 km SW of Atiquipa, Peru"
2024-06-29 12:35:32.855,-16.0485,-74.556,18.0,6.1,"34 km SW of Atiquipa, Peru"
2024-06-29 12:19:40.265,43.3816,147.0716,28.728,5.0,"54 km SSE of Shikotan, Russia"
2024-06-29 12:11:58.961,11.3103,138.6685,10.0,4.3,"207 km NNE of Colonia, Micronesia"
2024-06-29 12:09:04.730,25.4046,122.3122,244.07,4.8,"57 km NE of Jiufen, Taiwan"
2024-06-29 10:52:35.517,55.7126,164.5675,10.0,4.7,"142 km ESE of Ust’-Kamchatsk Staryy, Russia"
2024-06-29 10:46:55.306,-6.5697,144.7321,10.0,4.8,"66 km SSW of Kundiawa, Papua New Guinea"
2024-06-29 10:22:30.224,-15.275,-178.5152,420.762,4.5,"115 km SSW of Alo, Wallis and Futuna"
2024-06-29 10:15:07.788,-17.4543,-69.7668,179.163,4.2,"28 km E of Tarata, Peru"
2024-06-29 10:02:23.104,-6.5376,103.4533,21.51,4.9,"234 km WSW of Bandar Lampung, Indonesia"
2024-06-29 09:51:48.772,-23.9957,-70.2297,46.386,4.9,"41 km SSE of Antofagasta, Chile"
2024-06-29 09:33:32.973,1.7658,127.2283,116.542,4.2,"87 km W of Tobelo, Indonesia"
2024-06-29 09:21:49.993,-21.4032,-68.1642,181.077,4.4,"21 km SSE of Ollagüe, Chile"
2024-06-29 06:32:16.837,-11.6745,166.4885,238.517,4.5,"129 km SE of Lata, Solomon Islands"
2024-06-29 04:30:14.148,32.7988,49.4721,10.0,4.3,"62 km WSW of Fereydūnshahr, Iran"
2024-06-29 03:31:56.399,5.9482,-82.6481,10.0,4.8,"231 km S of Burica, Panama"
2024-06-29 02:51:09.906,11.3173,121.9609,12.305,4.8,"8 km WNW of Tibiao, Philippines"
2024-06-29 02:17:54.030,-5.408,151.6172,62.041,4.4,"138 km SSW of Kokopo, Papua New Guinea"
2024-06-28 22:46:44.973,10.1108,93.6697,10.0,5.0,"199 km SSE of Port Blair, India"
2024-06-28 22:33:35.217,-34.5135,-178.6159,10.0,4.6,south of the Kermadec Islands
2024-06-28 21:59:46.139,-3.4353,101.6325,72.568,4.5,"81 km WNW of Bengkulu, Indonesia"
2024-06-28 21:07:55.822,10.758,125.4271,97.95,4.5,"32 km NE of Hingatungan, Philippines"
2024-06-28 19:53:50.891,47.912,153.8948,65.283,4.2,Kuril Islands
2024-06-28 18:49:19.599,-25.032,179.7315,503.339,4.3,south of the Fiji Islands
2024-06-28 18:30:39.570,-20.649,-175.6315,10.0,5.7,"67 km NNW of Houma, Tonga"
2024-06-28 14:14:18.977,-19.8313,-177.6024,556.718,4.1,"282 km WNW of Houma, Tonga"
2024-06-28 14:12:35.326,23.3935,122.2366,10.0,4.8,"91 km SE of Hualien City, Taiwan"
2024-06-28 12:35:24.989,-15.9597,-74.7593,21.434,4.4,"46 km WSW of Atiquipa, Peru"
2024-06-28 12:13:59.803,42.0076,142.2368,57.776,4.3,"37 km SSW of Shizunai-furukawachō, Japan"
2024-06-28 12:06:07.986,-30.0305,-176.316,10.0,5.0,Kermadec Islands region
2024-06-28 11:40:09.198,-15.6961,-74.5238,25.759,4.3,"20 km WNW of Atiquipa, Peru"
2024-06-28 11:22:17.501,-15.8903,-74.7578,29.995,4.7,"43 km WSW of Atiquipa, Peru"
2024-06-28 11:06:36.965,-15.8265,-74.4635,24.442,7.2,"11 km WSW of Atiquipa, Peru"
2024-06-28 09:32:05.522,8.8219,126.8449,35.0,4.4,"59 km E of Aras-asan, Philippines"
2024-06-28 09:13:23.250,38.7363,48.5051,10.0,4.8,"8 km ESE of Lerik, Azerbaijan"
2024-06-28 08:00:59.760,27.2143,128.8762,37.61,4.8,"29 km SE of Wadomari, Japan"
2024-06-28 07:45:10.272,-16.1783,-174.3008,175.637,4.3,"59 km WSW of Hihifo, Tonga"
2024-06-28 07:16:52.548,37.5903,141.94,41.89,4.5,"83 km E of Namie, Japan"
2024-06-28 04:19:25.859,-19.5893,-177.6232,566.6,4.2,"298 km NW of Houma, Tonga"
2024-06-28 03:34:46.655,-13.4614,-111.2538,10.0,4.8,central East Pacific Rise
2024-06-28 02:32:13.053,-33.3945,-179.1358,35.0,4.5,south of the Kermadec Islands
2024-06-28 02:31:50.595,-0.5819,-18.9655,10.0,4.8,central Mid-Atlantic Ridge
2024-06-28 01:13:30.461,-23.4833,-179.88,539.082,4.4,south of the Fiji Islands
2024-06-28 00:57:45.635,51.8717,-170.474,35.961,4.9,"161 km SW of Nikolski, Alaska"
2024-06-28 00:57:45.621,27.2326,128.9261,37.258,4.9,"32 km ESE of Wadomari, Japan"
2024-06-28 00:11:27.837,18.897,145.2759,207.016,4.0,"Pagan region, Northern Mariana Islands"
2024-06-27 22:39:24.965,-33.4751,-179.1267,38.064,4.5,south of the Kermadec Islands
2024-06-27 22:07:51.299,-33.4081,-179.2724,29.0,5.9,south of the Kermadec Islands
2024-06-27 21:49:08.767,34.0045,141.5847,10.0,4.6,"172 km SE of Katsuura, Japan"
2024-06-27 21:45:50.334,-56.3811,-26.141,35.0,4.5,South Sandwich Islands region
2024-06-27 21:43:18.474,24.9471,142.668,10.0,4.8,"Volcano Islands, Japan region"
2024-06-27 20:32:23.121,-19.6156,66.8533,10.0,5.3,Mauritius - Reunion region
2024-06-27 19:02:24.106,-6.372,149.353,33.644,4.5,"28 km SW of Kandrian, Papua New Guinea"
2024-06-27 17:43:12.698,11.4749,-86.6868,57.124,4.4,"39 km SSW of Masachapa, Nicaragua"
2024-06-27 17:12:45.315,-21.4578,-68.6812,106.79,4.8,"51 km WSW of Ollagüe, Chile"
2024-06-27 17:07:46.888,60.9418,-139.9991,10.0,4.3,"156 km N of Yakutat, Alaska"
2024-06-27 17:01:52.367,-17.8968,-178.4829,601.089,4.5,"233 km E of Levuka, Fiji"
2024-06-27 16:41:59.571,48.9969,156.483,30.123,4.6,"188 km S of Severo-Kuril’sk, Russia"
2024-06-27 16:12:02.720,-6.4887,149.4228,22.86,5.2,"34 km SSW of Kandrian, Papua New Guinea"
2024-06-27 15:15:10.686,37.4914,141.4579,41.376,4.6,"40 km E of Namie, Japan"
2024-06-27 14:27:16.415,36.6058,70.4603,230.708,4.1,"44 km SW of Jurm, Afghanistan"
2024-06-27 14:09:41.347,-33.1321,-69.9381,116.255,4.5,"68 km ENE of Chicureo Abajo, Chile"
2024-06-27 13:55:15.468,-18.0938,168.3187,97.427,4.8,"39 km S of Port-Vila, Vanuatu"
2024-06-27 12:43:09.044,-6.1681,104.3177,45.582,4.3,"132 km SW of Bandar Lampung, Indonesia"
2024-06-27 12:26:38.359,-6.4398,129.1183,204.417,4.4,Banda Sea
2024-06-27 11:18:06.938,-17.2657,-174.3525,159.11,4.0,"156 km SSW of Hihifo, Tonga"
2024-06-27 09:16:30.871,-0.379,123.2426,10.0,4.7,"81 km NE of Luwuk, Indonesia"
2024-06-27 08:23:24.331,7.4568,-34.5941,10.0,4.7,central Mid-Atlantic Ridge
2024-06-27 07:23:08.656,13.3562,120.4753,10.0,4.7,"6 km SSE of Paluan, Philippines"
2024-06-27 06:58:17.814,25.6426,106.4863,10.0,4.3,"87 km SE of Anshun, China"
2024-06-27 06:22:58.210,-24.2392,-179.9749,513.046,4.3,south of the Fiji Islands
2024-06-27 05:55:13.888,-55.7395,-27.9123,93.358,4.1,South Sandwich Islands region
2024-06-27 05:41:17.506,41.7092,48.3397,43.008,4.3,"4 km E of Gereykhanovskoye, Russia"
2024-06-27 05:11:18.226,4.6423,-72.7331,10.282,4.4,"24 km WSW of Ubalá, Colombia"
2024-06-27 05:00:39.588,-5.9579,126.6144,9.78,4.6,"278 km N of Baukau, Timor Leste"
2024-06-27 02:43:04.857,-29.9655,-177.9307,59.458,4.4,"Kermadec Islands, New Zealand"
2024-06-27 02:28:48.660,36.4074,69.7847,163.533,4.1,"19 km SSW of Farkhār, Afghanistan"
2024-06-27 02:16:11.951,-31.023,-71.6894,68.734,4.6,"66 km SW of Ovalle, Chile"
2024-06-27 01:20:41.370,40.2303,25.1815,8.544,4.1,"36 km SW of Kamariótissa, Greece"
2024-06-27 01:11:27.959,-0.2424,123.0829,72.884,4.2,"85 km NNE of Luwuk, Indonesia"
2024-06-27 01:05:26.468,-30.1678,-177.5412,31.567,4.3,"Kermadec Islands, New Zealand"
2024-06-27 00:11:33.047,-8.1571,123.8343,169.626,4.2,"130 km NNW of Pante Makasar, Timor Leste"
2024-06-26 22:46:52.927,-18.3177,-177.9366,641.721,4.2,"291 km E of Levuka, Fiji"
2024-06-26 22:46:39.538,-18.2711,-177.9239,639.097,4.2,"292 km E of Levuka, Fiji"
2024-06-26 22:19:38.755,-2.5595,133.2138,10.0,4.2,"60 km SW of Bintuni, Indonesia"
2024-06-26 21:46:53.777,-24.8349,179.7086,523.961,4.1,south of the Fiji Islands
2024-06-26 21:02:02.637,-60.7242,-22.7864,10.0,4.5,South Sandwich Islands region
2024-06-26 20:20:59.509,-18.3863,-177.9328,527.186,4.5,"293 km E of Levuka, Fiji"
2024-06-26 19:09:33.392,24.399,93.7429,57.121,4.6,"10 km NE of Churāchāndpur, India"
2024-06-26 18:48:04.712,-26.0846,-71.0165,35.538,4.9,"92 km SW of Taltal, Chile"
2024-06-26 18:27:50.677,-13.2198,167.0952,191.069,5.1,"87 km NW of Sola, Vanuatu"
2024-06-26 18:05:11.660,-52.1702,15.4494,10.0,4.5,southwest of Africa
2024-06-26 17:36:55.840,70.6743,-14.1073,10.0,4.3,"199 km W of Olonkinbyen, Svalbard and Jan Mayen"
2024-06-26 15:37:28.105,36.4396,70.3975,191.076,4.5,"50 km ESE of Farkhār, Afghanistan"
2024-06-26 15:08:10.868,-25.8992,-177.1306,82.14,4.8,south of the Fiji Islands
2024-06-26 14:12:43.435,51.3054,-178.2143,44.931,4.8,"126 km WSW of Adak, Alaska"
2024-06-26 14:06:15.272,27.0471,100.8064,10.0,4.7,"17 km SW of Xinyingpan, China"
2024-06-26 13:49:08.049,26.838,100.8556,10.0,4.8,"6 km WSW of Zhanhe, China"
2024-06-26 12:48:06.971,5.4279,125.682,179.084,4.5,"24 km E of Sarangani, Philippines"
2024-06-26 12:46:02.289,-6.6701,-76.4842,10.0,4.6,"15 km S of Zapatero, Peru"
2024-06-26 11:33:36.890,70.6603,-14.0266,10.0,4.4,"197 km W of Olonkinbyen, Svalbard and Jan Mayen"
2024-06-26 08:50:10.241,51.0899,179.7585,35.0,4.5,"265 km WSW of Adak, Alaska"
2024-06-26 07:57:08.430,23.2014,143.9341,10.0,4.5,"Volcano Islands, Japan region"
2024-06-26 07:26:40.911,-20.4611,-178.1405,563.204,4.1,Fiji region
2024-06-26 07:17:34.434,70.7497,-14.0344,10.0,4.1,"195 km W of Olonkinbyen, Svalbard and Jan Mayen"
2024-06-26 06:54:13.608,8.0635,90.427,10.0,5.6,"Nicobar Islands, India region"
2024-06-26 06:26:22.555,10.2337,93.8875,10.0,4.5,"196 km SE of Port Blair, India"
2024-06-26 06:25:09.193,-15.0768,167.409,149.262,4.3,"36 km E of Port-Olry, Vanuatu"
2024-06-26 06:12:21.203,23.2619,143.8661,10.0,4.4,"Volcano Islands, Japan region"
2024-06-26 04:18:54.820,25.6545,106.7334,10.0,4.7,"82 km WSW of Dushan, China"
2024-06-26 04:06:24.832,-31.9645,-71.803,39.939,4.6,"70 km WSW of Illapel, Chile"
2024-06-26 03:47:33.501,-10.6015,164.8257,86.072,4.7,"107 km W of Lata, Solomon Islands"
2024-06-26 02:55:13.564,-3.138,130.584,10.0,4.6,"180 km E of Masohi, Indonesia"
2024-06-26 02:38:20.770,-32.7507,-178.5969,34.898,4.1,south of the Kermadec Islands
2024-06-26 01:29:02.397,-0.0567,123.476,99.428,4.2,"80 km SE of Gorontalo, Indonesia"
2024-06-26 00:33:26.123,6.848,-77.0329,41.197,4.6,"27 km WSW of Murindó, Colombia"
2024-06-26 00:29:37.724,-18.0915,-178.3229,621.349,4.1,"249 km E of Levuka, Fiji"
2024-06-25 22:36:00.031,3.2592,128.253,76.927,4.0,"171 km N of Tobelo, Indonesia"
2024-06-25 21:51:54.010,-22.8716,-68.9083,95.314,4.2,"45 km S of Calama, Chile"
2024-06-25 21:26:40.800,-4.6534,101.8149,34.612,4.2,"106 km SSW of Bengkulu, Indonesia"
2024-06-25 18:55:53.830,-17.6603,-178.8694,550.861,4.8,"197 km ENE of Levuka, Fiji"
2024-06-25 18:26:58.188,19.8295,-109.4409,10.0,4.9,Revilla Gigedo Islands region
2024-06-25 14:29:23.607,32.1466,137.7749,378.388,4.0,"237 km SE of Kushimoto, Japan"
2024-06-25 14:00:59.282,33.4887,141.2838,30.644,5.4,"204 km SSE of Katsuura, Japan"
2024-06-25 13:50:46.696,-54.2645,-56.9279,10.0,5.0,Falkland Islands region
2024-06-25 12:15:33.554,-20.8993,-173.8161,10.0,5.1,"128 km ENE of ‘Ohonua, Tonga"
2024-06-25 11:26:51.581,-25.5449,178.4483,612.591,4.4,south of the Fiji Islands
2024-06-25 10:55:22.466,2.3147,128.5849,237.499,4.4,"91 km NE of Tobelo, Indonesia"
2024-06-25 10:01:38.690,-63.7848,-165.7773,10.0,5.0,Pacific-Antarctic Ridge
2024-06-25 09:57:59.191,-1.5628,126.4417,38.084,4.8,"75 km NE of Sanana, Indonesia"
2024-06-25 08:10:00.746,10.1893,93.783,89.302,4.1,"198 km SE of Port Blair, India"
2024-06-25 07:50:04.135,-4.5545,139.7387,10.0,4.3,"208 km ENE of Agats, Indonesia"
2024-06-25 07:47:19.103,-22.4597,-179.3884,586.096,4.3,south of the Fiji Islands
2024-06-25 04:06:44.267,39.2809,27.5502,10.233,4.7,"11 km NNW of Soma, Turkey"
2024-06-25 04:05:23.685,8.4658,126.9566,35.0,4.2,"66 km ENE of Barcelona, Philippines"
2024-06-25 04:04:29.294,31.7806,137.8801,399.257,4.1,"271 km SE of Kushimoto, Japan"
2024-06-25 04:00:59.930,35.1131667,-119.1115,12.07,4.09,"24 km SW of Lamont, CA"
2024-06-25 03:20:02.251,-6.7112,147.3007,59.22,4.4,"33 km E of Lae, Papua New Guinea"
2024-06-25 03:14:15.965,-20.1206,168.6615,10.0,4.7,"91 km SW of Isangel, Vanuatu"
2024-06-25 03:05:41.677,-56.3887,147.4159,10.0,4.4,west of Macquarie Island
2024-06-25 02:40:03.594,-18.746,-172.7872,10.0,4.6,"126 km E of Neiafu, Tonga"
2024-06-25 02:08:39.216,-23.5129,-66.5634,219.72,4.6,"81 km NNW of San Antonio de los Cobres, Argentina"
2024-06-24 23:24:46.351,38.2507,73.6774,129.35,4.3,"26 km WNW of Murghob, Tajikistan"
2024-06-24 23:09:26.538,-57.2271,-23.814,10.0,4.6,South Sandwich Islands region
2024-06-24 20:48:52.922,84.9563,5.0867,10.0,4.0,north of Svalbard
2024-06-24 19:54:18.188,35.8175,139.3163,63.689,4.2,"3 km S of Hannō, Japan"
2024-06-24 19:06:07.055,-21.961,-179.5302,591.039,5.1,Fiji region
2024-06-24 18:56:08.938,-14.9815,-173.0894,10.0,4.4,"131 km NE of Hihifo, Tonga"
2024-06-24 17:44:14.715,0.1667,124.8564,86.834,4.3,"56 km SE of Modisi, Indonesia"
2024-06-24 15:41:27.655,-29.3649,-179.0601,328.539,4.6,Kermadec Islands region
2024-06-24 15:25:02.164,-7.093,129.9983,103.228,5.3,"Kepulauan Babar, Indonesia"
2024-06-24 13:33:38.359,-14.6086,167.2485,156.689,6.3,"51 km NNE of Port-Olry, Vanuatu"
2024-06-24 11:06:08.386,40.9206,84.2487,10.0,4.6,"141 km SE of Kuqa, China"
2024-06-24 10:34:36.664,12.2103,125.4493,35.0,4.8,"3 km WSW of Alugan, Philippines"
2024-06-24 10:02:26.085,14.2817,-90.5722,146.047,4.3,"9 km NE of Guanagazapa, Guatemala"
2024-06-24 07:30:09.456,32.4523,142.4746,13.293,4.8,"Izu Islands, Japan region"
2024-06-24 07:11:58.361,-19.0222,169.6007,10.0,4.6,"66 km NNE of Isangel, Vanuatu"
2024-06-24 07:11:15.171,-19.2534,169.6995,10.0,4.8,"54 km NE of Isangel, Vanuatu"
2024-06-24 06:10:43.643,24.0811,121.7349,5.181,4.1,"17 km NE of Hualien City, Taiwan"
2024-06-24 05:55:21.049,-31.6262,-177.2159,10.0,4.9,Kermadec Islands region
2024-06-24 05:31:52.597,16.5175,-99.4744,21.598,4.2,"25 km SSE of Llano de la Puerta, Mexico"
2024-06-24 05:18:35.037,25.8619,106.7745,10.0,4.3,"76 km W of Dushan, China"
2024-06-24 04:28:45.433,1.9554,128.4441,72.942,4.7,"54 km ENE of Tobelo, Indonesia"
2024-06-24 01:58:04.985,7.5184,-82.342,10.0,4.6,"78 km S of Boca Chica, Panama"
2024-06-24 00:33:36.812,36.2321,71.2417,91.779,4.0,"56 km SSW of Ashkāsham, Afghanistan"
2024-06-24 00:09:06.606,55.4495,163.2248,10.0,4.2,"98 km SSE of Ust’-Kamchatsk Staryy, Russia"
2024-06-23 22:46:17.185,16.6693,-99.4449,15.036,5.3,"12 km SE of Llano de la Puerta, Mexico"
2024-06-23 22:45:13.609,16.5757,-99.5236,19.203,4.1,"17 km SE of San Andrés Playa Encantada (El Podrido), Mexico"
2024-06-23 20:53:41.571,12.2147,125.4552,33.05,4.4,"2 km W of Alugan, Philippines"
2024-06-23 20:27:10.744,-6.4005,147.9707,46.773,4.3,"22 km NE of Finschhafen, Papua New Guinea"
